{
  "high_error_samples": [
    {
      "audio_file": "wavs/test_G1105_0005.wav",
      "reference": "情谊与情义的异同",
      "prediction": "成语情异的异统",
      "cer": 0.625
    },
    {
      "audio_file": "wavs/test_G1105_0030.wav",
      "reference": "哥德巴赫猜想是正确的吗",
      "prediction": "各德把赫参小是谁确地吗",
      "cer": 0.5454545454545454
    },
    {
      "audio_file": "wavs/test_G1105_0045.wav",
      "reference": "竹喧归涣女莲动下渔洲这句的解释是什么",
      "prediction": "住选国怀女练杜夏瑜宙这区的介式是什么",
      "cer": 0.6666666666666666
    },
    {
      "audio_file": "wavs/test_G1105_0050.wav",
      "reference": "春回大地东风迎锦绣求下字",
      "prediction": "春回打地东方宁金秀求夏症",
      "cer": 0.5833333333333334
    },
    {
      "audio_file": "wavs/test_G1105_0051.wav",
      "reference": "用军献祛痘好吗",
      "prediction": "用军仙取号吗",
      "cer": 0.5714285714285714
    },
    {
      "audio_file": "wavs/test_G1105_0095.wav",
      "reference": "我想领养只狗",
      "prediction": "我想你有之购",
      "cer": 0.6666666666666666
    },
    {
      "audio_file": "wavs/test_G1105_0099.wav",
      "reference": "一个馒头和一包方便面哪个热量高",
      "prediction": "一个门投和易宝发面那个热亮高",
      "cer": 0.5333333333333333
    },
    {
      "audio_file": "wavs/test_G1105_0127.wav",
      "reference": "秦始皇他闺女叫什么",
      "prediction": "秦师化打规女叫什了",
      "cer": 0.5555555555555556
    },
    {
      "audio_file": "wavs/test_G1105_0130.wav",
      "reference": "什么是织造官名",
      "prediction": "什么是知道关联",
      "cer": 0.5714285714285714
    },
    {
      "audio_file": "wavs/test_G1105_0141.wav",
      "reference": "单眼皮适合戴粉色眼镜片吗树脂眼镜片",
      "prediction": "大业皮师和带分手液睛片法数子也镜片",
      "cer": 0.7647058823529411
    },
    {
      "audio_file": "wavs/test_G1105_0150.wav",
      "reference": "南京哪里蓝牙耳机卖的好而不贵",
      "prediction": "待吉哪里哪有儿机买的哈儿不贵",
      "cer": 0.5714285714285714
    },
    {
      "audio_file": "wavs/test_G1105_0153.wav",
      "reference": "知道怎么使麻雀安静下来的方法吗",
      "prediction": "知道知不是马去爱机相一的方法吗",
      "cer": 0.6
    },
    {
      "audio_file": "wavs/test_G1105_0162.wav",
      "reference": "人民币上汇涨率是上涨还是下跌",
      "prediction": "人民比少会找率是瘦找还是夏的",
      "cer": 0.5714285714285714
    },
    {
      "audio_file": "wavs/test_G1105_0164.wav",
      "reference": "混油底漆怎么怎样刷",
      "prediction": "会油第器是物子咬刷",
      "cer": 0.7777777777777778
    },
    {
      "audio_file": "wavs/test_G1105_0178.wav",
      "reference": "液晶原料生产厂商有哪些",
      "prediction": "液经月流孙车操医声有哪些",
      "cer": 0.7272727272727273
    },
    {
      "audio_file": "wavs/test_G1105_0187.wav",
      "reference": "汉字创于哪一年",
      "prediction": "孩子双鱼打一点",
      "cer": 0.8571428571428571
    },
    {
      "audio_file": "wavs/test_G1105_0199.wav",
      "reference": "杭州的应届毕业生招聘会什么时候有",
      "prediction": "杭作的印结别式抓闭会是否时用",
      "cer": 0.75
    },
    {
      "audio_file": "wavs/test_G1105_0212.wav",
      "reference": "温瑞安的说英雄谁是英雄为何不写下去了",
      "prediction": "温人安说的医学入士是医修为何不写下棋的",
      "cer": 0.5555555555555556
    },
    {
      "audio_file": "wavs/test_G1105_0221.wav",
      "reference": "一刀将西瓜切五大半十小半",
      "prediction": "一岛讲西瓜棋舞打扮时小办",
      "cer": 0.6666666666666666
    },
    {
      "audio_file": "wavs/test_G1105_0223.wav",
      "reference": "泡泡堂服务器什么时候维护",
      "prediction": "泡堂服务器是不是为服",
      "cer": 0.5833333333333334
    }
  ],
  "low_error_samples": [
    {
      "audio_file": "wavs/test_G1105_0011.wav",
      "reference": "出口中东地区需要通过什么认证",
      "prediction": "出口中东地区需要通过什么认整",
      "cer": 0.07142857142857142
    },
    {
      "audio_file": "wavs/test_G1105_0016.wav",
      "reference": "怎样把大文件上传到邮件上",
      "prediction": "怎样把大文件上传到邮件上",
      "cer": 0.0
    },
    {
      "audio_file": "wavs/test_G1105_0024.wav",
      "reference": "电脑中毒了系统还还原吗",
      "prediction": "电脑中毒了系统还原吗",
      "cer": 0.09090909090909091
    },
    {
      "audio_file": "wavs/test_G1105_0029.wav",
      "reference": "如何将影音模式上传到网上",
      "prediction": "如何将英音模式上传到网上",
      "cer": 0.08333333333333333
    },
    {
      "audio_file": "wavs/test_G1105_0031.wav",
      "reference": "电脑里的光驱没有了怎么办",
      "prediction": "电脑里的光驱没有了怎么办",
      "cer": 0.0
    },
    {
      "audio_file": "wavs/test_G1105_0034.wav",
      "reference": "内存用了多少才算正常",
      "prediction": "内存用了多少才算正常",
      "cer": 0.0
    },
    {
      "audio_file": "wavs/test_G1105_0035.wav",
      "reference": "怎样才可以在百度上升级升级",
      "prediction": "怎样才可以在百度少升级升级",
      "cer": 0.07692307692307693
    },
    {
      "audio_file": "wavs/test_G1105_0040.wav",
      "reference": "丰台有什么幼儿园",
      "prediction": "丰台有什么幼儿园",
      "cer": 0.0
    },
    {
      "audio_file": "wavs/test_G1105_0043.wav",
      "reference": "到哪里可以免费下载免费看火影忍者",
      "prediction": "到哪里可以免费下载免费看火影忍者",
      "cer": 0.0
    },
    {
      "audio_file": "wavs/test_G1105_0047.wav",
      "reference": "拼音输入的自动变成了我",
      "prediction": "拼音输入的自动变成了我",
      "cer": 0.0
    },
    {
      "audio_file": "wavs/test_G1105_0048.wav",
      "reference": "网上哪里可以看到股票走式图",
      "prediction": "网上哪里可以看到股票走是图",
      "cer": 0.07692307692307693
    },
    {
      "audio_file": "wavs/test_G1105_0052.wav",
      "reference": "生活的意义是什么",
      "prediction": "生活的意义是什么",
      "cer": 0.0
    },
    {
      "audio_file": "wavs/test_G1105_0054.wav",
      "reference": "瘦弱可以治疗吗",
      "prediction": "瘦弱可以治疗吗",
      "cer": 0.0
    },
    {
      "audio_file": "wavs/test_G1105_0061.wav",
      "reference": "为什么电脑有时候会出现音乐",
      "prediction": "为什么电脑有时候会出现音乐",
      "cer": 0.0
    },
    {
      "audio_file": "wavs/test_G1105_0062.wav",
      "reference": "口袋怪兽金手指在哪里下载",
      "prediction": "口袋怪兽精手指在哪里下载",
      "cer": 0.08333333333333333
    },
    {
      "audio_file": "wavs/test_G1105_0064.wav",
      "reference": "电脑能在线杀毒吗如何进行",
      "prediction": "电脑能在线杀毒吗如何进行",
      "cer": 0.0
    },
    {
      "audio_file": "wavs/test_G1105_0065.wav",
      "reference": "用数码相机拍照怎么有很多都不见了",
      "prediction": "用数码相机拍照怎么有很多都不见了",
      "cer": 0.0
    },
    {
      "audio_file": "wavs/test_G1105_0073.wav",
      "reference": "我要申请一个网页需要做哪些事情",
      "prediction": "我要申请一个网页需要做哪些事请",
      "cer": 0.06666666666666667
    },
    {
      "audio_file": "wavs/test_G1105_0076.wav",
      "reference": "大学生一定要拥有爱情吗",
      "prediction": "大学生一定要有爱情吗",
      "cer": 0.09090909090909091
    },
    {
      "audio_file": "wavs/test_G1105_0096.wav",
      "reference": "怎样使大小腿的毛孔变小",
      "prediction": "怎样使大小腿的毛孔变小",
      "cer": 0.0
    }
  ],
  "error_distribution": {
    "cer_0_to_0.1": 66,
    "cer_0.1_to_0.3": 209,
    "cer_0.3_to_0.5": 182,
    "cer_0.5_to_1.0": 78
  }
}