{
  "high_error_samples": [
    {
      "audio_file": "wavs/test_G1105_0019.wav",
      "reference": "生产许可证和合格证是一码事吗",
      "prediction": "生圳学可症和各人是一贸时吗",
      "cer": 0.5714285714285714
    },
    {
      "audio_file": "wavs/test_G1105_0030.wav",
      "reference": "哥德巴赫猜想是正确的吗",
      "prediction": "哥德把河参小是社确地吗",
      "cer": 0.5454545454545454
    },
    {
      "audio_file": "wavs/test_G1105_0045.wav",
      "reference": "竹喧归涣女莲动下渔洲这句的解释是什么",
      "prediction": "住选归环女连动夏瑜宙这曲的届石是什么",
      "cer": 0.5555555555555556
    },
    {
      "audio_file": "wavs/test_G1105_0051.wav",
      "reference": "用军献祛痘好吗",
      "prediction": "用捐衔去好吗",
      "cer": 0.5714285714285714
    },
    {
      "audio_file": "wavs/test_G1105_0077.wav",
      "reference": "想买条围巾呢",
      "prediction": "想买跳为型人",
      "cer": 0.6666666666666666
    },
    {
      "audio_file": "wavs/test_G1105_0079.wav",
      "reference": "如何办理保密资质认证",
      "prediction": "如何白理宝灵知职认整",
      "cer": 0.6
    },
    {
      "audio_file": "wavs/test_G1105_0087.wav",
      "reference": "有佛山市陈村镇的吗",
      "prediction": "有和山时成春证的吗",
      "cer": 0.5555555555555556
    },
    {
      "audio_file": "wavs/test_G1105_0097.wav",
      "reference": "乙肝会不会通过性爱传染",
      "prediction": "一个微国通过性外传染",
      "cer": 0.5454545454545454
    },
    {
      "audio_file": "wavs/test_G1105_0127.wav",
      "reference": "秦始皇他闺女叫什么",
      "prediction": "秦师和打规率叫什么",
      "cer": 0.5555555555555556
    },
    {
      "audio_file": "wavs/test_G1105_0130.wav",
      "reference": "什么是织造官名",
      "prediction": "什么是知道关闭",
      "cer": 0.5714285714285714
    },
    {
      "audio_file": "wavs/test_G1105_0141.wav",
      "reference": "单眼皮适合戴粉色眼镜片吗树脂眼镜片",
      "prediction": "大眼皮适合带分手眼睛片宝数字业纪片",
      "cer": 0.5882352941176471
    },
    {
      "audio_file": "wavs/test_G1105_0153.wav",
      "reference": "知道怎么使麻雀安静下来的方法吗",
      "prediction": "知道知波是麻去爱机相一的方法吗",
      "cer": 0.5333333333333333
    },
    {
      "audio_file": "wavs/test_G1105_0162.wav",
      "reference": "人民币上汇涨率是上涨还是下跌",
      "prediction": "热被比少会招流是少招还是下的",
      "cer": 0.7142857142857143
    },
    {
      "audio_file": "wavs/test_G1105_0164.wav",
      "reference": "混油底漆怎么怎样刷",
      "prediction": "会友的七是不这咬刷",
      "cer": 0.8888888888888888
    },
    {
      "audio_file": "wavs/test_G1105_0178.wav",
      "reference": "液晶原料生产厂商有哪些",
      "prediction": "业睛月料深产成艺商有哪些",
      "cer": 0.5454545454545454
    },
    {
      "audio_file": "wavs/test_G1105_0187.wav",
      "reference": "汉字创于哪一年",
      "prediction": "孩子稍鱼打一点",
      "cer": 0.8571428571428571
    },
    {
      "audio_file": "wavs/test_G1105_0193.wav",
      "reference": "大冬天的狗狗总在外面呆着不进来",
      "prediction": "大陆天的胳个就在为被带者不进来",
      "cer": 0.5333333333333333
    },
    {
      "audio_file": "wavs/test_G1105_0199.wav",
      "reference": "杭州的应届毕业生招聘会什么时候有",
      "prediction": "好作的硬界别生招评会什么时用",
      "cer": 0.5625
    },
    {
      "audio_file": "wavs/test_G1105_0221.wav",
      "reference": "一刀将西瓜切五大半十小半",
      "prediction": "一道教西瓜器舞打办是小盘",
      "cer": 0.6666666666666666
    },
    {
      "audio_file": "wavs/test_G1105_0261.wav",
      "reference": "如何删去酷桌面这一程序",
      "prediction": "如何山西库桌连积的程序",
      "cer": 0.5454545454545454
    }
  ],
  "low_error_samples": [
    {
      "audio_file": "wavs/test_G1105_0003.wav",
      "reference": "大学生参军有什么优惠政策",
      "prediction": "大学生参军有什么优惠正策",
      "cer": 0.08333333333333333
    },
    {
      "audio_file": "wavs/test_G1105_0016.wav",
      "reference": "怎样把大文件上传到邮件上",
      "prediction": "怎样把大文件上传到邮件上",
      "cer": 0.0
    },
    {
      "audio_file": "wavs/test_G1105_0024.wav",
      "reference": "电脑中毒了系统还还原吗",
      "prediction": "电脑中毒了系统还怀原吗",
      "cer": 0.09090909090909091
    },
    {
      "audio_file": "wavs/test_G1105_0026.wav",
      "reference": "济南有哪些宠物用品的市场",
      "prediction": "济南有哪些物用品的市场",
      "cer": 0.08333333333333333
    },
    {
      "audio_file": "wavs/test_G1105_0029.wav",
      "reference": "如何将影音模式上传到网上",
      "prediction": "如何将英音模式上传到网上",
      "cer": 0.08333333333333333
    },
    {
      "audio_file": "wavs/test_G1105_0031.wav",
      "reference": "电脑里的光驱没有了怎么办",
      "prediction": "电脑里的光起没有了怎么办",
      "cer": 0.08333333333333333
    },
    {
      "audio_file": "wavs/test_G1105_0035.wav",
      "reference": "怎样才可以在百度上升级升级",
      "prediction": "怎样才可以在百度上升级升级",
      "cer": 0.0
    },
    {
      "audio_file": "wavs/test_G1105_0036.wav",
      "reference": "如何上传文件供别人下载",
      "prediction": "如何上传文件过别人下载",
      "cer": 0.09090909090909091
    },
    {
      "audio_file": "wavs/test_G1105_0043.wav",
      "reference": "到哪里可以免费下载免费看火影忍者",
      "prediction": "到哪里可以免费下载免费看火影忍者",
      "cer": 0.0
    },
    {
      "audio_file": "wavs/test_G1105_0044.wav",
      "reference": "怎么样才能找到一个老外想学习中文",
      "prediction": "怎么样才能找到一个老外想学习中文",
      "cer": 0.0
    },
    {
      "audio_file": "wavs/test_G1105_0047.wav",
      "reference": "拼音输入的自动变成了我",
      "prediction": "拼音输入的自动变成了物",
      "cer": 0.09090909090909091
    },
    {
      "audio_file": "wavs/test_G1105_0048.wav",
      "reference": "网上哪里可以看到股票走式图",
      "prediction": "网上哪里可以看到股票者式图",
      "cer": 0.07692307692307693
    },
    {
      "audio_file": "wavs/test_G1105_0052.wav",
      "reference": "生活的意义是什么",
      "prediction": "生活的意义是什么",
      "cer": 0.0
    },
    {
      "audio_file": "wavs/test_G1105_0054.wav",
      "reference": "瘦弱可以治疗吗",
      "prediction": "瘦弱可以治疗吗",
      "cer": 0.0
    },
    {
      "audio_file": "wavs/test_G1105_0059.wav",
      "reference": "刷卡时应该输入哪个信用卡密码",
      "prediction": "刷卡时应该输入哪个信游卡密码",
      "cer": 0.07142857142857142
    },
    {
      "audio_file": "wavs/test_G1105_0060.wav",
      "reference": "现在有什么好玩的绿色游戏",
      "prediction": "现在有什么好玩的绿手游戏",
      "cer": 0.08333333333333333
    },
    {
      "audio_file": "wavs/test_G1105_0061.wav",
      "reference": "为什么电脑有时候会出现音乐",
      "prediction": "为什么电脑有时候会出现音乐",
      "cer": 0.0
    },
    {
      "audio_file": "wavs/test_G1105_0062.wav",
      "reference": "口袋怪兽金手指在哪里下载",
      "prediction": "口袋怪兽金手值在哪里下载",
      "cer": 0.08333333333333333
    },
    {
      "audio_file": "wavs/test_G1105_0064.wav",
      "reference": "电脑能在线杀毒吗如何进行",
      "prediction": "电脑能在显杀毒吗如何进行",
      "cer": 0.08333333333333333
    },
    {
      "audio_file": "wavs/test_G1105_0073.wav",
      "reference": "我要申请一个网页需要做哪些事情",
      "prediction": "我要申请一个网页需要做哪些事请",
      "cer": 0.06666666666666667
    }
  ],
  "error_distribution": {
    "cer_0_to_0.1": 80,
    "cer_0.1_to_0.3": 219,
    "cer_0.3_to_0.5": 164,
    "cer_0.5_to_1.0": 72
  }
}