{
  "high_error_samples": [
    {
      "audio_file": "wavs/test_G1105_0017.wav",
      "reference": "燕郊会划入北京吗",
      "prediction": "研究会花如北吗",
      "cer": 0.625
    },
    {
      "audio_file": "wavs/test_G1105_0030.wav",
      "reference": "哥德巴赫猜想是正确的吗",
      "prediction": "各德把河才小是谁确定吗",
      "cer": 0.6363636363636364
    },
    {
      "audio_file": "wavs/test_G1105_0045.wav",
      "reference": "竹喧归涣女莲动下渔洲这句的解释是什么",
      "prediction": "足轩规怀女联读下瑜奏曲的解式是什么",
      "cer": 0.6111111111111112
    },
    {
      "audio_file": "wavs/test_G1105_0050.wav",
      "reference": "春回大地东风迎锦绣求下字",
      "prediction": "出回达地动凤林经秀求下怎",
      "cer": 0.6666666666666666
    },
    {
      "audio_file": "wavs/test_G1105_0087.wav",
      "reference": "有佛山市陈村镇的吗",
      "prediction": "有和山是成纯圳的吗",
      "cer": 0.5555555555555556
    },
    {
      "audio_file": "wavs/test_G1105_0095.wav",
      "reference": "我想领养只狗",
      "prediction": "我想宁有资购",
      "cer": 0.6666666666666666
    },
    {
      "audio_file": "wavs/test_G1105_0127.wav",
      "reference": "秦始皇他闺女叫什么",
      "prediction": "秦氏化她桂的叫什么",
      "cer": 0.5555555555555556
    },
    {
      "audio_file": "wavs/test_G1105_0130.wav",
      "reference": "什么是织造官名",
      "prediction": "什么是资道关理",
      "cer": 0.5714285714285714
    },
    {
      "audio_file": "wavs/test_G1105_0141.wav",
      "reference": "单眼皮适合戴粉色眼镜片吗树脂眼镜片",
      "prediction": "大眼皮适和带粉手液晶片保数子也晶片",
      "cer": 0.6470588235294118
    },
    {
      "audio_file": "wavs/test_G1105_0154.wav",
      "reference": "发廊外面转的灯饰由由来于哪里",
      "prediction": "发了外别传利等失由有来语哪里",
      "cer": 0.5714285714285714
    },
    {
      "audio_file": "wavs/test_G1105_0164.wav",
      "reference": "混油底漆怎么怎样刷",
      "prediction": "会有的器质为这有刷",
      "cer": 0.8888888888888888
    },
    {
      "audio_file": "wavs/test_G1105_0175.wav",
      "reference": "学发型设计要交多少学费",
      "prediction": "学幻行实期要叫多少学会",
      "cer": 0.5454545454545454
    },
    {
      "audio_file": "wavs/test_G1105_0178.wav",
      "reference": "液晶原料生产厂商有哪些",
      "prediction": "液经月聊诗车槽生有哪些",
      "cer": 0.6363636363636364
    },
    {
      "audio_file": "wavs/test_G1105_0187.wav",
      "reference": "汉字创于哪一年",
      "prediction": "海子创一打一点",
      "cer": 0.7142857142857143
    },
    {
      "audio_file": "wavs/test_G1105_0193.wav",
      "reference": "大冬天的狗狗总在外面呆着不进来",
      "prediction": "大陆天的狗就在文本带者不记来",
      "cer": 0.5333333333333333
    },
    {
      "audio_file": "wavs/test_G1105_0221.wav",
      "reference": "一刀将西瓜切五大半十小半",
      "prediction": "一道教西瓜切舞打办石小晚",
      "cer": 0.5833333333333334
    },
    {
      "audio_file": "wavs/test_G1105_0238.wav",
      "reference": "便秘都有什么症状要怎么治疗",
      "prediction": "都有是否自作要治不治疗",
      "cer": 0.6153846153846154
    },
    {
      "audio_file": "wavs/test_G1105_0259.wav",
      "reference": "怎样使眼睛看起来更大",
      "prediction": "最要时液睛见更大",
      "cer": 0.7
    },
    {
      "audio_file": "wavs/test_G1105_0275.wav",
      "reference": "福建南平如何啊",
      "prediction": "蝴见来疲如何啊",
      "cer": 0.5714285714285714
    },
    {
      "audio_file": "wavs/test_G1105_0290.wav",
      "reference": "悬崖勒马打四个字",
      "prediction": "学咬了吗打是个字",
      "cer": 0.625
    }
  ],
  "low_error_samples": [
    {
      "audio_file": "wavs/test_G1105_0016.wav",
      "reference": "怎样把大文件上传到邮件上",
      "prediction": "怎样把大文件上传到邮件上",
      "cer": 0.0
    },
    {
      "audio_file": "wavs/test_G1105_0023.wav",
      "reference": "全球有多少种著名的音乐奖",
      "prediction": "全球有多少中著名的音乐奖",
      "cer": 0.08333333333333333
    },
    {
      "audio_file": "wavs/test_G1105_0026.wav",
      "reference": "济南有哪些宠物用品的市场",
      "prediction": "济南有哪些出物用品的市场",
      "cer": 0.08333333333333333
    },
    {
      "audio_file": "wavs/test_G1105_0029.wav",
      "reference": "如何将影音模式上传到网上",
      "prediction": "如何将英音模式上传到网上",
      "cer": 0.08333333333333333
    },
    {
      "audio_file": "wavs/test_G1105_0031.wav",
      "reference": "电脑里的光驱没有了怎么办",
      "prediction": "电脑里的光驱没有了怎么办",
      "cer": 0.0
    },
    {
      "audio_file": "wavs/test_G1105_0032.wav",
      "reference": "为什么会经常弹出脱机工作",
      "prediction": "为什么会经常弹出脱机工主",
      "cer": 0.08333333333333333
    },
    {
      "audio_file": "wavs/test_G1105_0034.wav",
      "reference": "内存用了多少才算正常",
      "prediction": "内存用了多少才算正常",
      "cer": 0.0
    },
    {
      "audio_file": "wavs/test_G1105_0035.wav",
      "reference": "怎样才可以在百度上升级升级",
      "prediction": "怎样才可以在百度商升级升级",
      "cer": 0.07692307692307693
    },
    {
      "audio_file": "wavs/test_G1105_0036.wav",
      "reference": "如何上传文件供别人下载",
      "prediction": "如何上传文件过别人下载",
      "cer": 0.09090909090909091
    },
    {
      "audio_file": "wavs/test_G1105_0040.wav",
      "reference": "丰台有什么幼儿园",
      "prediction": "丰台有什么幼儿园",
      "cer": 0.0
    },
    {
      "audio_file": "wavs/test_G1105_0043.wav",
      "reference": "到哪里可以免费下载免费看火影忍者",
      "prediction": "到哪里可以免费下载免费看或影忍者",
      "cer": 0.0625
    },
    {
      "audio_file": "wavs/test_G1105_0044.wav",
      "reference": "怎么样才能找到一个老外想学习中文",
      "prediction": "怎么要才能找到一个老外想学习中文",
      "cer": 0.0625
    },
    {
      "audio_file": "wavs/test_G1105_0047.wav",
      "reference": "拼音输入的自动变成了我",
      "prediction": "拼音输入的自动变成了我",
      "cer": 0.0
    },
    {
      "audio_file": "wavs/test_G1105_0048.wav",
      "reference": "网上哪里可以看到股票走式图",
      "prediction": "网上哪里可以看到股票走视图",
      "cer": 0.07692307692307693
    },
    {
      "audio_file": "wavs/test_G1105_0052.wav",
      "reference": "生活的意义是什么",
      "prediction": "生活的意义是什么",
      "cer": 0.0
    },
    {
      "audio_file": "wavs/test_G1105_0054.wav",
      "reference": "瘦弱可以治疗吗",
      "prediction": "瘦弱可以治疗吗",
      "cer": 0.0
    },
    {
      "audio_file": "wavs/test_G1105_0060.wav",
      "reference": "现在有什么好玩的绿色游戏",
      "prediction": "现在有什么好玩的绿生游戏",
      "cer": 0.08333333333333333
    },
    {
      "audio_file": "wavs/test_G1105_0061.wav",
      "reference": "为什么电脑有时候会出现音乐",
      "prediction": "为什么电脑有时候会出现英乐",
      "cer": 0.07692307692307693
    },
    {
      "audio_file": "wavs/test_G1105_0064.wav",
      "reference": "电脑能在线杀毒吗如何进行",
      "prediction": "电脑人在线杀毒吗如何进行",
      "cer": 0.08333333333333333
    },
    {
      "audio_file": "wavs/test_G1105_0065.wav",
      "reference": "用数码相机拍照怎么有很多都不见了",
      "prediction": "用数码相机拍照怎么用很多都不见了",
      "cer": 0.0625
    }
  ],
  "error_distribution": {
    "cer_0_to_0.1": 78,
    "cer_0.1_to_0.3": 223,
    "cer_0.3_to_0.5": 162,
    "cer_0.5_to_1.0": 72
  }
}