{
  "high_error_samples": [
    {
      "audio_file": "wavs/val_G0001_0573.wav",
      "reference": "怎么用记账凭证",
      "prediction": "怎么用极葬平等",
      "cer": 0.5714285714285714
    },
    {
      "audio_file": "wavs/val_G0001_0089.wav",
      "reference": "交城有名人吗",
      "prediction": "乔岑又敏了吗",
      "cer": 0.8333333333333334
    },
    {
      "audio_file": "wavs/val_G0001_0262.wav",
      "reference": "上补习班有必要吗",
      "prediction": "散波西班有比尔吗",
      "cer": 0.625
    },
    {
      "audio_file": "wavs/val_G0001_0377.wav",
      "reference": "磨沙皮怎么清洗",
      "prediction": "摩萨皮这么琴息",
      "cer": 0.7142857142857143
    },
    {
      "audio_file": "wavs/val_G0001_0017.wav",
      "reference": "未知应用程序的文本文档能删除吗",
      "prediction": "韦兹引用曾序的文本文档的三安出嘛",
      "cer": 0.6
    },
    {
      "audio_file": "wavs/val_G0001_0561.wav",
      "reference": "哎想换个发型不知哪种发型适合我",
      "prediction": "爱香换个法型不自拉中发性死合",
      "cer": 0.6
    },
    {
      "audio_file": "wavs/val_G0001_0024.wav",
      "reference": "怎么把网站转到空间",
      "prediction": "怎么把汪赞专的孔间",
      "cer": 0.5555555555555556
    },
    {
      "audio_file": "wavs/val_G0001_0301.wav",
      "reference": "英二国一或者国二是在哪集出现的",
      "prediction": "妮尔归夷会在圭尔是在拉圾出现地",
      "cer": 0.7333333333333333
    },
    {
      "audio_file": "wavs/val_G0001_0311.wav",
      "reference": "怎么祛除皮肤上的伤痕或黑色素",
      "prediction": "这么曲住皮肤上地丧恨会黑写处",
      "cer": 0.6428571428571429
    },
    {
      "audio_file": "wavs/val_G0001_0148.wav",
      "reference": "制作网页的时候怎样打边框做成虚线啊",
      "prediction": "此作王叶的思候这样大表光走成徐显的",
      "cer": 0.7058823529411765
    },
    {
      "audio_file": "wavs/val_G0001_0684.wav",
      "reference": "电脑不能进入游戏是显卡什么原因",
      "prediction": "点脑不论几入有喜史贤开僧愿意",
      "cer": 0.8
    },
    {
      "audio_file": "wavs/val_G0001_0127.wav",
      "reference": "太岁到底长什么样",
      "prediction": "抬遂导致藏生么呀",
      "cer": 0.875
    },
    {
      "audio_file": "wavs/val_G0001_0669.wav",
      "reference": "北展剧场网球王子怎么收费",
      "prediction": "毕占举藏王球网子这么首给",
      "cer": 0.75
    },
    {
      "audio_file": "wavs/val_G0001_0205.wav",
      "reference": "吴彦祖要订婚了吗",
      "prediction": "五演最要顶魂了吗",
      "cer": 0.625
    },
    {
      "audio_file": "wavs/val_G0001_0213.wav",
      "reference": "众数的英文怎么说",
      "prediction": "总数地银文这么所",
      "cer": 0.625
    },
    {
      "audio_file": "wavs/val_G0001_0462.wav",
      "reference": "有什么适合中低音的女声歌曲",
      "prediction": "也瑟波斯和总地印地女生国去",
      "cer": 0.9230769230769231
    },
    {
      "audio_file": "wavs/val_G0001_0188.wav",
      "reference": "哪个姓的人最多",
      "prediction": "拉过醒迪人嘴多",
      "cer": 0.7142857142857143
    },
    {
      "audio_file": "wavs/val_G0001_0093.wav",
      "reference": "哪里有免费的杀毒软件下载呀",
      "prediction": "拿尼由免费地萨度软件下在呀",
      "cer": 0.5384615384615384
    },
    {
      "audio_file": "wavs/val_G0001_0395.wav",
      "reference": "什么是分项产值",
      "prediction": "首莫斯粉上参制",
      "cer": 1.0
    },
    {
      "audio_file": "wavs/val_G0001_0477.wav",
      "reference": "请问怎么压缩照片",
      "prediction": "亲吻这么牙缩早片",
      "cer": 0.625
    }
  ],
  "low_error_samples": [
    {
      "audio_file": "wavs/val_G0001_0158.wav",
      "reference": "为什么网游让一个人变化",
      "prediction": "为什么网就让一个人变化",
      "cer": 0.09090909090909091
    }
  ],
  "error_distribution": {
    "cer_0_to_0.1": 1,
    "cer_0.1_to_0.3": 16,
    "cer_0.3_to_0.5": 67,
    "cer_0.5_to_1.0": 866
  }
}